{
    "dataBinding": {
        "/webapp/view/sales_order_list.view.xml": {
            "entitySet": ""
        }, 
        "/webapp/view/sales_order.view.xml": {
            "entitySet": "/SalesOrderSet"
        }, 
        "/webapp/view/item_details.view.xml": {
            "entitySet": "/SalesOrderItemSet"
        }, 
        "/webapp/view/contacts.view.xml": {
            "entitySet": "/SalesOrderSet"
        }, 
        "/webapp/view/DetailPage1.view.xml": {
            "entitySet": "/SalesOrderSet"
        }, 
        "/webapp/view/DetailPage2.view.xml": {
            "entitySet": ""
        }, 
        "/webapp/view/DetailPage3.view.xml": {
            "entitySet": "/SalesOrderItemSet"
        }, 
        "/webapp/view/D0_1463750005259.view.xml": {
            "entitySet": ""
        }, 
        "/webapp/view/Dialog2.view.xml": {
            "entitySet": ""
        }, 
        "/webapp/view/Dialog3.view.xml": {
            "entitySet": ""
        }, 
        "/webapp/view/Dialog4.view.xml": {
            "entitySet": ""
        } 
    }
}