<edmx:Edmx Version="1.0" xmlns:edmx="http://schemas.microsoft.com/ado/2007/06/edmx" xmlns:m="http://schemas.microsoft.com/ado/2007/08/dataservices/metadata" xmlns:sap="http://www.sap.com/Protocols/SAPData">
    <edmx:DataServices m:DataServiceVersion="2.0">
        <Schema Namespace="b3a408c2e8e625ad1751a4b1" xml:lang="en" sap:schema-version="0000" xmlns="http://schemas.microsoft.com/ado/2008/09/edm">
            <EntityContainer Name="b3a408c2e8e625ad1751a4b1_Entities" m:IsDefaultEntityContainer="true">
                <EntitySet Name="SalesOrderSet" EntityType="b3a408c2e8e625ad1751a4b1.SalesOrder" sap:creatable="true" sap:updatable="true" sap:deletable="true"/>
                <AssociationSet Name="SalesOrderShippingShipping" Association="b3a408c2e8e625ad1751a4b1.SalesOrderShippingShipping" sap:creatable="true" sap:updatable="true" sap:deletable="true">
                    <End EntitySet="SalesOrderSet" Role="FromRole_SalesOrderShippingShipping"/>
                    <End EntitySet="ShippingSet" Role="ToRole_SalesOrderShippingShipping"/>
                </AssociationSet>
                <AssociationSet Name="SalesOrderSalesOrderItemsSalesOrderItem" Association="b3a408c2e8e625ad1751a4b1.SalesOrderSalesOrderItemsSalesOrderItem" sap:creatable="true" sap:updatable="true" sap:deletable="true">
                    <End EntitySet="SalesOrderSet" Role="FromRole_SalesOrderSalesOrderItemsSalesOrderItem"/>
                    <End EntitySet="SalesOrderItemSet" Role="ToRole_SalesOrderSalesOrderItemsSalesOrderItem"/>
                </AssociationSet>
                <EntitySet Name="SalesOrderItemSet" EntityType="b3a408c2e8e625ad1751a4b1.SalesOrderItem" sap:creatable="true" sap:updatable="true" sap:deletable="true"/>
                <AssociationSet Name="SalesOrderItemProductProduct" Association="b3a408c2e8e625ad1751a4b1.SalesOrderItemProductProduct" sap:creatable="true" sap:updatable="true" sap:deletable="true">
                    <End EntitySet="SalesOrderItemSet" Role="FromRole_SalesOrderItemProductProduct"/>
                    <End EntitySet="ProductSet" Role="ToRole_SalesOrderItemProductProduct"/>
                </AssociationSet>
                <AssociationSet Name="SalesOrderItemShippingShipping" Association="b3a408c2e8e625ad1751a4b1.SalesOrderItemShippingShipping" sap:creatable="true" sap:updatable="true" sap:deletable="true">
                    <End EntitySet="SalesOrderItemSet" Role="FromRole_SalesOrderItemShippingShipping"/>
                    <End EntitySet="ShippingSet" Role="ToRole_SalesOrderItemShippingShipping"/>
                </AssociationSet>
                <EntitySet Name="ProductSet" EntityType="b3a408c2e8e625ad1751a4b1.Product" sap:creatable="true" sap:updatable="true" sap:deletable="true"/>
                <EntitySet Name="ShippingSet" EntityType="b3a408c2e8e625ad1751a4b1.Shipping" sap:creatable="true" sap:updatable="true" sap:deletable="true"/>
                <EntitySet Name="ChannelSet" EntityType="b3a408c2e8e625ad1751a4b1.Channel" sap:creatable="true" sap:updatable="true" sap:deletable="true"/>
                <AssociationSet Name="ChannelRelationNameSalesOrder" Association="b3a408c2e8e625ad1751a4b1.ChannelRelationNameSalesOrder" sap:creatable="true" sap:updatable="true" sap:deletable="true">
                    <End EntitySet="ChannelSet" Role="FromRole_ChannelRelationNameSalesOrder"/>
                    <End EntitySet="SalesOrderSet" Role="ToRole_ChannelRelationNameSalesOrder"/>
                </AssociationSet>
            </EntityContainer>
            <EntityType Name="SalesOrder">
                <Key>
                    <PropertyRef Name="ID"/>
                </Key>
                <Property Name="ID" Type="Edm.String" sap:creatable="true" sap:updatable="true" sap:deletable="true" sap:label="ID"/>
                <Property Name="Name" Type="Edm.String" sap:creatable="true" sap:updatable="true" sap:deletable="true" sap:label="Name"/>
                <Property Name="CustomerName" Type="Edm.String" sap:creatable="true" sap:updatable="true" sap:deletable="true" sap:label="PurchaseOrder"/>
                <Property Name="POCategory" Type="Edm.String" sap:creatable="true" sap:updatable="true" sap:deletable="true" sap:label="POCategory"/>
                <Property Name="GrossAmount" Type="Edm.Decimal" sap:creatable="true" sap:updatable="true" sap:deletable="true" sap:label="Amount"/>
                <Property Name="CurrencyCode" Type="Edm.String" sap:creatable="true" sap:updatable="true" sap:deletable="true" sap:label="Currency"/>
                <Property Name="Tax" Type="Edm.Decimal" sap:creatable="true" sap:updatable="true" sap:deletable="true" sap:label="Tax"/>
                <Property Name="DeliveryStatusDescription" Type="Edm.String" sap:creatable="true" sap:updatable="true" sap:deletable="true" sap:label="Status"/>
                <Property Name="LifecycleStatusDescription" Type="Edm.String" sap:creatable="true" sap:updatable="true" sap:deletable="true" sap:label="OverallStatus"/>
                <Property Name="NOLineItems" Type="Edm.Decimal" sap:creatable="true" sap:updatable="true" sap:deletable="true" sap:label="DefaultName"/>
                <Property Name="NOOpenItems" Type="Edm.Decimal" sap:creatable="true" sap:updatable="true" sap:deletable="true" sap:label="Property"/>
                <Property Name="CreatedAt" Type="Edm.String" sap:creatable="true" sap:updatable="true" sap:deletable="true" sap:label="OrderDate"/>
                <Property Name="RequestedDate" Type="Edm.String" sap:creatable="true" sap:updatable="true" sap:deletable="true" sap:label="RequestedDate"/>
                <Property Name="___FK_0e6d9d20b26172910ae03cdb" Type="Edm.String" sap:creatable="true" sap:updatable="true" sap:deletable="true" sap:label="From.SalesOrder"/>
                <Property Name="NamePlusID" Type="Edm.String" sap:creatable="false" sap:updatable="false" sap:deletable="false" sap:calculated="{&quot;calculation&quot;:&quot;[{\&quot;label\&quot;:\&quot;+\&quot;,\&quot;name\&quot;:\&quot;plus\&quot;,\&quot;type\&quot;:\&quot;operator\&quot;,\&quot;left\&quot;:[{\&quot;label\&quot;:\&quot;+\&quot;,\&quot;name\&quot;:\&quot;plus\&quot;,\&quot;type\&quot;:\&quot;operator\&quot;,\&quot;left\&quot;:[{\&quot;label\&quot;:\&quot;PROPERTY\&quot;,\&quot;name\&quot;:\&quot;property\&quot;,\&quot;entityName\&quot;:\&quot;SalesOrder\&quot;,\&quot;entityId\&quot;:\&quot;SalesOrder\&quot;,\&quot;navPropName\&quot;:\&quot;\&quot;,\&quot;navPropId\&quot;:\&quot;\&quot;,\&quot;navPropMultiplicity\&quot;:null,\&quot;navPropOp\&quot;:null,\&quot;propertyName\&quot;:\&quot;Name\&quot;,\&quot;propertyId\&quot;:\&quot;Name\&quot;,\&quot;type\&quot;:\&quot;property\&quot;,\&quot;id\&quot;:2}],\&quot;right\&quot;:[{\&quot;label\&quot;:\&quot;VALUE\&quot;,\&quot;name\&quot;:\&quot;value\&quot;,\&quot;type\&quot;:\&quot;value\&quot;,\&quot;value\&quot;:\&quot; \&quot;,\&quot;id\&quot;:3}],\&quot;id\&quot;:1}],\&quot;right\&quot;:[{\&quot;label\&quot;:\&quot;PROPERTY\&quot;,\&quot;name\&quot;:\&quot;property\&quot;,\&quot;entityName\&quot;:\&quot;SalesOrder\&quot;,\&quot;entityId\&quot;:\&quot;SalesOrder\&quot;,\&quot;navPropName\&quot;:\&quot;SalesOrder\&quot;,\&quot;navPropId\&quot;:\&quot;\&quot;,\&quot;navPropMultiplicity\&quot;:null,\&quot;navPropOp\&quot;:null,\&quot;propertyName\&quot;:\&quot;ID\&quot;,\&quot;propertyId\&quot;:\&quot;ID\&quot;,\&quot;type\&quot;:\&quot;property\&quot;,\&quot;id\&quot;:4}],\&quot;id\&quot;:0}]&quot;,&quot;inputProperties&quot;:[{&quot;propertyId&quot;:&quot;Name&quot;,&quot;entityId&quot;:&quot;SalesOrder&quot;,&quot;navPropId&quot;:&quot;&quot;},{&quot;propertyId&quot;:&quot;ID&quot;,&quot;entityId&quot;:&quot;SalesOrder&quot;,&quot;navPropId&quot;:&quot;&quot;}]}" sap:label="NamePlusID"/>
                <Property Name="SalesOrderID" Type="Edm.String" sap:creatable="false" sap:updatable="false" sap:deletable="false" sap:calculated="{&quot;calculation&quot;:&quot;[{\&quot;label\&quot;:\&quot;+\&quot;,\&quot;name\&quot;:\&quot;plus\&quot;,\&quot;type\&quot;:\&quot;operator\&quot;,\&quot;left\&quot;:[{\&quot;label\&quot;:\&quot;VALUE\&quot;,\&quot;name\&quot;:\&quot;value\&quot;,\&quot;type\&quot;:\&quot;value\&quot;,\&quot;value\&quot;:\&quot;SO \&quot;,\&quot;id\&quot;:1}],\&quot;right\&quot;:[{\&quot;label\&quot;:\&quot;PROPERTY\&quot;,\&quot;name\&quot;:\&quot;property\&quot;,\&quot;entityName\&quot;:\&quot;SalesOrder\&quot;,\&quot;entityId\&quot;:\&quot;SalesOrder\&quot;,\&quot;navPropName\&quot;:\&quot;SalesOrder\&quot;,\&quot;navPropId\&quot;:\&quot;\&quot;,\&quot;navPropMultiplicity\&quot;:null,\&quot;navPropOp\&quot;:null,\&quot;propertyName\&quot;:\&quot;ID\&quot;,\&quot;propertyId\&quot;:\&quot;ID\&quot;,\&quot;type\&quot;:\&quot;property\&quot;,\&quot;id\&quot;:2}],\&quot;id\&quot;:0}]&quot;,&quot;inputProperties&quot;:[{&quot;propertyId&quot;:&quot;ID&quot;,&quot;entityId&quot;:&quot;SalesOrder&quot;,&quot;navPropId&quot;:&quot;&quot;}]}" sap:label="SOPlusID"/>
                <Property Name="NOShippedItems" Type="Edm.Decimal" sap:creatable="true" sap:updatable="true" sap:deletable="true" sap:label="DefaultName"/>
                <Property Name="NoOpenItems2" Type="Edm.Decimal" sap:creatable="true" sap:updatable="true" sap:deletable="true" sap:label="Property"/>
                <Property Name="NoShippedItems2" Type="Edm.Decimal" sap:creatable="true" sap:updatable="true" sap:deletable="true" sap:label="DefaultName"/>
                <Property Name="DeliveryStatusType" Type="Edm.String" sap:creatable="true" sap:updatable="true" sap:deletable="true" sap:label="DeliveryStatusType"/>
                <Property Name="NOInProcessItems" Type="Edm.String" sap:creatable="true" sap:updatable="true" sap:deletable="true" sap:label="NOInProcessItems"/>
                <Property Name="___FK_aa90c5af7f24d7691751b7b7_00004" Type="Edm.String" sap:creatable="true" sap:updatable="true" sap:deletable="true" sap:label="___FK_aa90c5af7f24d7691751b7b7_00004"/>
                <NavigationProperty Name="Shipping" Relationship="b3a408c2e8e625ad1751a4b1.SalesOrderShippingShipping" FromRole="FromRole_SalesOrderShippingShipping" ToRole="ToRole_SalesOrderShippingShipping"/>
                <NavigationProperty Name="SalesOrderItems" Relationship="b3a408c2e8e625ad1751a4b1.SalesOrderSalesOrderItemsSalesOrderItem" FromRole="FromRole_SalesOrderSalesOrderItemsSalesOrderItem" ToRole="ToRole_SalesOrderSalesOrderItemsSalesOrderItem"/>
            </EntityType>
            <Association Name="SalesOrderShippingShipping">
                <End Type="b3a408c2e8e625ad1751a4b1.SalesOrder" Multiplicity="1" Role="FromRole_SalesOrderShippingShipping"/>
                <End Type="b3a408c2e8e625ad1751a4b1.Shipping" Multiplicity="1" Role="ToRole_SalesOrderShippingShipping"/>
                <ReferentialConstraint>
                    <Principal Role="ToRole_SalesOrderShippingShipping">
                        <PropertyRef Name="ID"/>
                    </Principal>
                    <Dependent Role="FromRole_SalesOrderShippingShipping">
                        <PropertyRef Name="___FK_0e6d9d20b26172910ae03cdb"/>
                    </Dependent>
                </ReferentialConstraint>
            </Association>
            <Association Name="SalesOrderSalesOrderItemsSalesOrderItem">
                <End Type="b3a408c2e8e625ad1751a4b1.SalesOrder" Multiplicity="1" Role="FromRole_SalesOrderSalesOrderItemsSalesOrderItem"/>
                <End Type="b3a408c2e8e625ad1751a4b1.SalesOrderItem" Multiplicity="*" Role="ToRole_SalesOrderSalesOrderItemsSalesOrderItem"/>
                <ReferentialConstraint>
                    <Principal Role="FromRole_SalesOrderSalesOrderItemsSalesOrderItem">
                        <PropertyRef Name="ID"/>
                    </Principal>
                    <Dependent Role="ToRole_SalesOrderSalesOrderItemsSalesOrderItem">
                        <PropertyRef Name="___FK_e5ec6d25f58706080ae03cdb"/>
                    </Dependent>
                </ReferentialConstraint>
            </Association>
            <EntityType Name="SalesOrderItem">
                <Key>
                    <PropertyRef Name="ID"/>
                </Key>
                <Property Name="ID" Type="Edm.String" sap:creatable="true" sap:updatable="true" sap:deletable="true" sap:label="ID"/>
                <Property Name="Quantity" Type="Edm.Decimal" sap:creatable="true" sap:updatable="true" sap:deletable="true" sap:label="RequestedQuantity"/>
                <Property Name="QuantityUnit" Type="Edm.String" sap:creatable="true" sap:updatable="true" sap:deletable="true" sap:label="Unit"/>
                <Property Name="RequestedDelivery" Type="Edm.String" sap:creatable="true" sap:updatable="true" sap:deletable="true" sap:label="RequestedDelivery"/>
                <Property Name="EstimatedDelivery" Type="Edm.String" sap:creatable="true" sap:updatable="true" sap:deletable="true" sap:label="EstimatedDelivery"/>
                <Property Name="GrossAmount" Type="Edm.Decimal" sap:creatable="true" sap:updatable="true" sap:deletable="true" sap:label="Price"/>
                <Property Name="Currency" Type="Edm.String" sap:creatable="true" sap:updatable="true" sap:deletable="true" sap:label="Currency"/>
                <Property Name="___FK_e5ec6d25f58706080ae03cdb" Type="Edm.String" sap:creatable="true" sap:updatable="true" sap:deletable="true" sap:label="From.SalesOrder"/>
                <Property Name="___FK_41df27d78bc37fc30ae03cdb" Type="Edm.String" sap:creatable="true" sap:updatable="true" sap:deletable="true" sap:label="From.SalesOrderItem"/>
                <Property Name="LineItemNO" Type="Edm.String" sap:creatable="true" sap:updatable="true" sap:deletable="true" sap:label="LineItemNO"/>
                <Property Name="ProductID" Type="Edm.String" sap:creatable="false" sap:updatable="false" sap:deletable="false" sap:calculated="{&quot;calculation&quot;:&quot;[{\&quot;label\&quot;:\&quot;+\&quot;,\&quot;name\&quot;:\&quot;plus\&quot;,\&quot;type\&quot;:\&quot;operator\&quot;,\&quot;left\&quot;:[{\&quot;label\&quot;:\&quot;+\&quot;,\&quot;name\&quot;:\&quot;plus\&quot;,\&quot;type\&quot;:\&quot;operator\&quot;,\&quot;left\&quot;:[{\&quot;label\&quot;:\&quot;PROPERTY\&quot;,\&quot;name\&quot;:\&quot;property\&quot;,\&quot;entityName\&quot;:\&quot;SalesOrderItem\&quot;,\&quot;entityId\&quot;:\&quot;SalesOrderItem\&quot;,\&quot;navPropName\&quot;:\&quot;\&quot;,\&quot;navPropId\&quot;:\&quot;\&quot;,\&quot;navPropMultiplicity\&quot;:null,\&quot;navPropOp\&quot;:null,\&quot;propertyName\&quot;:\&quot;LineItemNO\&quot;,\&quot;propertyId\&quot;:\&quot;LineItemNO\&quot;,\&quot;type\&quot;:\&quot;property\&quot;,\&quot;id\&quot;:2}],\&quot;right\&quot;:[{\&quot;label\&quot;:\&quot;VALUE\&quot;,\&quot;name\&quot;:\&quot;value\&quot;,\&quot;type\&quot;:\&quot;value\&quot;,\&quot;value\&quot;:\&quot; \&quot;,\&quot;id\&quot;:3}],\&quot;id\&quot;:1}],\&quot;right\&quot;:[{\&quot;label\&quot;:\&quot;PROPERTY\&quot;,\&quot;name\&quot;:\&quot;property\&quot;,\&quot;entityName\&quot;:\&quot;Product\&quot;,\&quot;entityId\&quot;:\&quot;Product\&quot;,\&quot;navPropName\&quot;:\&quot;Product\&quot;,\&quot;navPropId\&quot;:\&quot;Product\&quot;,\&quot;navPropMultiplicity\&quot;:false,\&quot;navPropOp\&quot;:\&quot;sum\&quot;,\&quot;propertyName\&quot;:\&quot;ProductName\&quot;,\&quot;propertyId\&quot;:\&quot;ProductName\&quot;,\&quot;type\&quot;:\&quot;property\&quot;,\&quot;id\&quot;:4}],\&quot;id\&quot;:0}]&quot;,&quot;inputProperties&quot;:[{&quot;propertyId&quot;:&quot;LineItemNO&quot;,&quot;entityId&quot;:&quot;SalesOrderItem&quot;,&quot;navPropId&quot;:&quot;&quot;},{&quot;propertyId&quot;:&quot;ProductName&quot;,&quot;entityId&quot;:&quot;Product&quot;,&quot;navPropId&quot;:&quot;Product&quot;}]}" sap:label="LINOPlusName"/>
                <Property Name="ShippedQuantity" Type="Edm.Decimal" sap:creatable="true" sap:updatable="true" sap:deletable="true" sap:label="ShippedQuantity"/>
                <Property Name="StatusSummary" Type="Edm.String" sap:creatable="true" sap:updatable="true" sap:deletable="true" sap:label="StatusSummary"/>
                <Property Name="RequestPlusUnit" Type="Edm.String" sap:creatable="false" sap:updatable="false" sap:deletable="false" sap:calculated="{&quot;calculation&quot;:&quot;[{\&quot;label\&quot;:\&quot;+\&quot;,\&quot;name\&quot;:\&quot;plus\&quot;,\&quot;type\&quot;:\&quot;operator\&quot;,\&quot;left\&quot;:[{\&quot;label\&quot;:\&quot;+\&quot;,\&quot;name\&quot;:\&quot;plus\&quot;,\&quot;type\&quot;:\&quot;operator\&quot;,\&quot;left\&quot;:[{\&quot;label\&quot;:\&quot;PROPERTY\&quot;,\&quot;name\&quot;:\&quot;property\&quot;,\&quot;entityName\&quot;:\&quot;SalesOrderItem\&quot;,\&quot;entityId\&quot;:\&quot;SalesOrderItem\&quot;,\&quot;navPropName\&quot;:\&quot;\&quot;,\&quot;navPropId\&quot;:\&quot;\&quot;,\&quot;navPropMultiplicity\&quot;:null,\&quot;navPropOp\&quot;:null,\&quot;propertyName\&quot;:\&quot;Quantity\&quot;,\&quot;propertyId\&quot;:\&quot;Quantity\&quot;,\&quot;type\&quot;:\&quot;property\&quot;,\&quot;id\&quot;:2}],\&quot;right\&quot;:[{\&quot;label\&quot;:\&quot;VALUE\&quot;,\&quot;name\&quot;:\&quot;value\&quot;,\&quot;type\&quot;:\&quot;value\&quot;,\&quot;value\&quot;:\&quot; \&quot;,\&quot;id\&quot;:3}],\&quot;id\&quot;:1}],\&quot;right\&quot;:[{\&quot;label\&quot;:\&quot;PROPERTY\&quot;,\&quot;name\&quot;:\&quot;property\&quot;,\&quot;entityName\&quot;:\&quot;SalesOrderItem\&quot;,\&quot;entityId\&quot;:\&quot;SalesOrderItem\&quot;,\&quot;navPropName\&quot;:\&quot;\&quot;,\&quot;navPropId\&quot;:\&quot;\&quot;,\&quot;navPropMultiplicity\&quot;:null,\&quot;navPropOp\&quot;:null,\&quot;propertyName\&quot;:\&quot;QuantityUnit\&quot;,\&quot;propertyId\&quot;:\&quot;QuantityUnit\&quot;,\&quot;type\&quot;:\&quot;property\&quot;,\&quot;id\&quot;:4}],\&quot;id\&quot;:0}]&quot;,&quot;inputProperties&quot;:[{&quot;propertyId&quot;:&quot;Quantity&quot;,&quot;entityId&quot;:&quot;SalesOrderItem&quot;,&quot;navPropId&quot;:&quot;&quot;},{&quot;propertyId&quot;:&quot;QuantityUnit&quot;,&quot;entityId&quot;:&quot;SalesOrderItem&quot;,&quot;navPropId&quot;:&quot;&quot;}]}" sap:label="RequestPlusUnit"/>
                <Property Name="PricePerUnit" Type="Edm.String" sap:creatable="false" sap:updatable="false" sap:deletable="false" sap:calculated="{&quot;calculation&quot;:&quot;[{\&quot;label\&quot;:\&quot;+\&quot;,\&quot;name\&quot;:\&quot;plus\&quot;,\&quot;type\&quot;:\&quot;operator\&quot;,\&quot;left\&quot;:[{\&quot;label\&quot;:\&quot;+\&quot;,\&quot;name\&quot;:\&quot;plus\&quot;,\&quot;type\&quot;:\&quot;operator\&quot;,\&quot;left\&quot;:[{\&quot;label\&quot;:\&quot;PROPERTY\&quot;,\&quot;name\&quot;:\&quot;property\&quot;,\&quot;entityName\&quot;:\&quot;Product\&quot;,\&quot;entityId\&quot;:\&quot;Product\&quot;,\&quot;navPropName\&quot;:\&quot;Product\&quot;,\&quot;navPropId\&quot;:\&quot;Product\&quot;,\&quot;navPropMultiplicity\&quot;:false,\&quot;navPropOp\&quot;:\&quot;sum\&quot;,\&quot;propertyName\&quot;:\&quot;Price\&quot;,\&quot;propertyId\&quot;:\&quot;Price\&quot;,\&quot;type\&quot;:\&quot;property\&quot;,\&quot;id\&quot;:2}],\&quot;right\&quot;:[{\&quot;label\&quot;:\&quot;VALUE\&quot;,\&quot;name\&quot;:\&quot;value\&quot;,\&quot;type\&quot;:\&quot;value\&quot;,\&quot;value\&quot;:\&quot; \&quot;,\&quot;id\&quot;:3}],\&quot;id\&quot;:1}],\&quot;right\&quot;:[{\&quot;label\&quot;:\&quot;+\&quot;,\&quot;name\&quot;:\&quot;plus\&quot;,\&quot;type\&quot;:\&quot;operator\&quot;,\&quot;left\&quot;:[{\&quot;label\&quot;:\&quot;+\&quot;,\&quot;name\&quot;:\&quot;plus\&quot;,\&quot;type\&quot;:\&quot;operator\&quot;,\&quot;left\&quot;:[{\&quot;label\&quot;:\&quot;PROPERTY\&quot;,\&quot;name\&quot;:\&quot;property\&quot;,\&quot;entityName\&quot;:\&quot;Product\&quot;,\&quot;entityId\&quot;:\&quot;Product\&quot;,\&quot;navPropName\&quot;:\&quot;Product\&quot;,\&quot;navPropId\&quot;:\&quot;Product\&quot;,\&quot;navPropMultiplicity\&quot;:false,\&quot;navPropOp\&quot;:\&quot;sum\&quot;,\&quot;propertyName\&quot;:\&quot;Currency\&quot;,\&quot;propertyId\&quot;:\&quot;Currency\&quot;,\&quot;type\&quot;:\&quot;property\&quot;,\&quot;id\&quot;:6}],\&quot;right\&quot;:[{\&quot;label\&quot;:\&quot;VALUE\&quot;,\&quot;name\&quot;:\&quot;value\&quot;,\&quot;type\&quot;:\&quot;value\&quot;,\&quot;value\&quot;:\&quot; per \&quot;,\&quot;id\&quot;:7}],\&quot;id\&quot;:5}],\&quot;right\&quot;:[{\&quot;label\&quot;:\&quot;PROPERTY\&quot;,\&quot;name\&quot;:\&quot;property\&quot;,\&quot;entityName\&quot;:\&quot;SalesOrderItem\&quot;,\&quot;entityId\&quot;:\&quot;SalesOrderItem\&quot;,\&quot;navPropName\&quot;:\&quot;\&quot;,\&quot;navPropId\&quot;:\&quot;\&quot;,\&quot;navPropMultiplicity\&quot;:null,\&quot;navPropOp\&quot;:null,\&quot;propertyName\&quot;:\&quot;QuantityUnit\&quot;,\&quot;propertyId\&quot;:\&quot;QuantityUnit\&quot;,\&quot;type\&quot;:\&quot;property\&quot;,\&quot;id\&quot;:8}],\&quot;id\&quot;:4}],\&quot;id\&quot;:0}]&quot;,&quot;inputProperties&quot;:[{&quot;propertyId&quot;:&quot;Price&quot;,&quot;entityId&quot;:&quot;Product&quot;,&quot;navPropId&quot;:&quot;Product&quot;},{&quot;propertyId&quot;:&quot;Currency&quot;,&quot;entityId&quot;:&quot;Product&quot;,&quot;navPropId&quot;:&quot;Product&quot;},{&quot;propertyId&quot;:&quot;QuantityUnit&quot;,&quot;entityId&quot;:&quot;SalesOrderItem&quot;,&quot;navPropId&quot;:&quot;&quot;}]}" sap:label="PricePerUnit"/>
                <Property Name="___FK_51c46ebd7590ee4a0ae16730" Type="Edm.String" sap:creatable="true" sap:updatable="true" sap:deletable="true" sap:label="___FK_51c46ebd7590ee4a0ae16730"/>
                <Property Name="ShippedDate" Type="Edm.String" sap:creatable="true" sap:updatable="true" sap:deletable="true" sap:label="Property"/>
                <Property Name="StatusSummaryType" Type="Edm.String" sap:creatable="false" sap:updatable="false" sap:deletable="false" sap:calculated="{&quot;calculation&quot;:&quot;[{\&quot;label\&quot;:\&quot;IF\&quot;,\&quot;name\&quot;:\&quot;if\&quot;,\&quot;type\&quot;:\&quot;condition\&quot;,\&quot;condition\&quot;:[{\&quot;label\&quot;:\&quot;=\&quot;,\&quot;name\&quot;:\&quot;equals\&quot;,\&quot;type\&quot;:\&quot;operator\&quot;,\&quot;left\&quot;:[{\&quot;label\&quot;:\&quot;PROPERTY\&quot;,\&quot;name\&quot;:\&quot;property\&quot;,\&quot;entityName\&quot;:\&quot;SalesOrderItem\&quot;,\&quot;entityId\&quot;:\&quot;SalesOrderItem\&quot;,\&quot;navPropName\&quot;:\&quot;\&quot;,\&quot;navPropId\&quot;:\&quot;\&quot;,\&quot;navPropMultiplicity\&quot;:null,\&quot;navPropOp\&quot;:null,\&quot;propertyName\&quot;:\&quot;StatusSummary\&quot;,\&quot;propertyId\&quot;:\&quot;StatusSummary\&quot;,\&quot;type\&quot;:\&quot;property\&quot;,\&quot;propertyType\&quot;:\&quot;String\&quot;,\&quot;isNewLine\&quot;:false,\&quot;id\&quot;:1,\&quot;computedType\&quot;:\&quot;string\&quot;}],\&quot;right\&quot;:[{\&quot;label\&quot;:\&quot;VALUE\&quot;,\&quot;name\&quot;:\&quot;value\&quot;,\&quot;type\&quot;:\&quot;value\&quot;,\&quot;value\&quot;:\&quot;Open\&quot;,\&quot;isNewLine\&quot;:false,\&quot;id\&quot;:3,\&quot;computedType\&quot;:\&quot;string\&quot;}],\&quot;displayLabel\&quot;:\&quot;=\&quot;,\&quot;isNewLine\&quot;:false,\&quot;id\&quot;:2,\&quot;computedType\&quot;:\&quot;boolean\&quot;}],\&quot;then\&quot;:[{\&quot;label\&quot;:\&quot;VALUE\&quot;,\&quot;name\&quot;:\&quot;value\&quot;,\&quot;type\&quot;:\&quot;value\&quot;,\&quot;value\&quot;:\&quot;Warning\&quot;,\&quot;isNewLine\&quot;:false,\&quot;id\&quot;:4,\&quot;computedType\&quot;:\&quot;string\&quot;}],\&quot;else\&quot;:[{\&quot;label\&quot;:\&quot;IF\&quot;,\&quot;name\&quot;:\&quot;if\&quot;,\&quot;type\&quot;:\&quot;condition\&quot;,\&quot;condition\&quot;:[{\&quot;label\&quot;:\&quot;=\&quot;,\&quot;name\&quot;:\&quot;equals\&quot;,\&quot;type\&quot;:\&quot;operator\&quot;,\&quot;left\&quot;:[{\&quot;label\&quot;:\&quot;PROPERTY\&quot;,\&quot;name\&quot;:\&quot;property\&quot;,\&quot;entityName\&quot;:\&quot;SalesOrderItem\&quot;,\&quot;entityId\&quot;:\&quot;SalesOrderItem\&quot;,\&quot;navPropName\&quot;:\&quot;\&quot;,\&quot;navPropId\&quot;:\&quot;\&quot;,\&quot;navPropMultiplicity\&quot;:null,\&quot;navPropOp\&quot;:null,\&quot;propertyName\&quot;:\&quot;StatusSummary\&quot;,\&quot;propertyId\&quot;:\&quot;StatusSummary\&quot;,\&quot;type\&quot;:\&quot;property\&quot;,\&quot;propertyType\&quot;:\&quot;String\&quot;,\&quot;isNewLine\&quot;:false,\&quot;id\&quot;:6,\&quot;computedType\&quot;:\&quot;string\&quot;}],\&quot;right\&quot;:[{\&quot;label\&quot;:\&quot;VALUE\&quot;,\&quot;name\&quot;:\&quot;value\&quot;,\&quot;type\&quot;:\&quot;value\&quot;,\&quot;value\&quot;:\&quot;In Progress\&quot;,\&quot;isNewLine\&quot;:false,\&quot;id\&quot;:8,\&quot;computedType\&quot;:\&quot;string\&quot;}],\&quot;displayLabel\&quot;:\&quot;=\&quot;,\&quot;isNewLine\&quot;:false,\&quot;id\&quot;:7,\&quot;computedType\&quot;:\&quot;boolean\&quot;}],\&quot;then\&quot;:[{\&quot;label\&quot;:\&quot;VALUE\&quot;,\&quot;name\&quot;:\&quot;value\&quot;,\&quot;type\&quot;:\&quot;value\&quot;,\&quot;value\&quot;:\&quot;Error\&quot;,\&quot;isNewLine\&quot;:false,\&quot;id\&quot;:9,\&quot;computedType\&quot;:\&quot;string\&quot;}],\&quot;else\&quot;:[{\&quot;label\&quot;:\&quot;VALUE\&quot;,\&quot;name\&quot;:\&quot;value\&quot;,\&quot;type\&quot;:\&quot;value\&quot;,\&quot;value\&quot;:\&quot;Success\&quot;,\&quot;isNewLine\&quot;:false,\&quot;id\&quot;:10,\&quot;computedType\&quot;:\&quot;string\&quot;}],\&quot;isNewLine\&quot;:false,\&quot;id\&quot;:5,\&quot;computedType\&quot;:\&quot;string\&quot;}],\&quot;isNewLine\&quot;:false,\&quot;id\&quot;:0,\&quot;computedType\&quot;:\&quot;string\&quot;}]&quot;,&quot;inputProperties&quot;:[{&quot;propertyId&quot;:&quot;StatusSummary&quot;,&quot;entityId&quot;:&quot;SalesOrderItem&quot;,&quot;navPropId&quot;:&quot;&quot;},{&quot;propertyId&quot;:&quot;StatusSummary&quot;,&quot;entityId&quot;:&quot;SalesOrderItem&quot;,&quot;navPropId&quot;:&quot;&quot;}]}" sap:label="StatusSummaryType"/>
                <NavigationProperty Name="Product" Relationship="b3a408c2e8e625ad1751a4b1.SalesOrderItemProductProduct" FromRole="FromRole_SalesOrderItemProductProduct" ToRole="ToRole_SalesOrderItemProductProduct"/>
                <NavigationProperty Name="Shipping" Relationship="b3a408c2e8e625ad1751a4b1.SalesOrderItemShippingShipping" FromRole="FromRole_SalesOrderItemShippingShipping" ToRole="ToRole_SalesOrderItemShippingShipping"/>
            </EntityType>
            <Association Name="SalesOrderItemProductProduct">
                <End Type="b3a408c2e8e625ad1751a4b1.SalesOrderItem" Multiplicity="1" Role="FromRole_SalesOrderItemProductProduct"/>
                <End Type="b3a408c2e8e625ad1751a4b1.Product" Multiplicity="1" Role="ToRole_SalesOrderItemProductProduct"/>
                <ReferentialConstraint>
                    <Principal Role="ToRole_SalesOrderItemProductProduct">
                        <PropertyRef Name="ID"/>
                    </Principal>
                    <Dependent Role="FromRole_SalesOrderItemProductProduct">
                        <PropertyRef Name="___FK_41df27d78bc37fc30ae03cdb"/>
                    </Dependent>
                </ReferentialConstraint>
            </Association>
            <Association Name="SalesOrderItemShippingShipping">
                <End Type="b3a408c2e8e625ad1751a4b1.SalesOrderItem" Multiplicity="1" Role="FromRole_SalesOrderItemShippingShipping"/>
                <End Type="b3a408c2e8e625ad1751a4b1.Shipping" Multiplicity="1" Role="ToRole_SalesOrderItemShippingShipping"/>
                <ReferentialConstraint>
                    <Principal Role="ToRole_SalesOrderItemShippingShipping">
                        <PropertyRef Name="ID"/>
                    </Principal>
                    <Dependent Role="FromRole_SalesOrderItemShippingShipping">
                        <PropertyRef Name="___FK_51c46ebd7590ee4a0ae16730"/>
                    </Dependent>
                </ReferentialConstraint>
            </Association>
            <EntityType Name="Product">
                <Key>
                    <PropertyRef Name="ID"/>
                </Key>
                <Property Name="ID" Type="Edm.String" sap:creatable="true" sap:updatable="true" sap:deletable="true" sap:label="ID"/>
                <Property Name="ProductName" Type="Edm.String" sap:creatable="true" sap:updatable="true" sap:deletable="true" sap:label="ProductName"/>
                <Property Name="AvailableQuantity" Type="Edm.String" sap:creatable="true" sap:updatable="true" sap:deletable="true" sap:label="AvailableQuantity"/>
                <Property Name="ItemWeight" Type="Edm.String" sap:creatable="true" sap:updatable="true" sap:deletable="true" sap:label="ItemWeight"/>
                <Property Name="ItemGroup" Type="Edm.String" sap:creatable="true" sap:updatable="true" sap:deletable="true" sap:label="ItemGroup"/>
                <Property Name="Origin" Type="Edm.String" sap:creatable="true" sap:updatable="true" sap:deletable="true" sap:label="Origin"/>
                <Property Name="Ingredients" Type="Edm.String" sap:creatable="true" sap:updatable="true" sap:deletable="true" sap:label="Ingredients"/>
                <Property Name="Price" Type="Edm.Decimal" sap:creatable="true" sap:updatable="true" sap:deletable="true" sap:label="Price"/>
                <Property Name="Currency" Type="Edm.String" sap:creatable="true" sap:updatable="true" sap:deletable="true" sap:label="Currency"/>
            </EntityType>
            <EntityType Name="Shipping">
                <Key>
                    <PropertyRef Name="ID"/>
                </Key>
                <Property Name="ID" Type="Edm.String" sap:creatable="true" sap:updatable="true" sap:deletable="true" sap:label="ID"/>
                <Property Name="CustomerName" Type="Edm.String" sap:creatable="true" sap:updatable="true" sap:deletable="true" sap:label="CustomerName"/>
                <Property Name="ShippingAddress" Type="Edm.String" sap:creatable="true" sap:updatable="true" sap:deletable="true" sap:label="ShippingAddress"/>
                <Property Name="ShippingCountry" Type="Edm.String" sap:creatable="true" sap:updatable="true" sap:deletable="true" sap:label="ShippingCountry"/>
                <Property Name="PhoneNumber" Type="Edm.String" sap:creatable="true" sap:updatable="true" sap:deletable="true" sap:label="PhoneNumber"/>
                <Property Name="RequestedDelivery" Type="Edm.DateTime" sap:creatable="true" sap:updatable="true" sap:deletable="true" sap:display-format="Date" sap:label="RequestedDelivery"/>
                <Property Name="SingleShipment" Type="Edm.String" sap:creatable="true" sap:updatable="true" sap:deletable="true" sap:label="SingleShipment"/>
                <Property Name="Carrier" Type="Edm.String" sap:creatable="true" sap:updatable="true" sap:deletable="true" sap:label="Carrier"/>
                <Property Name="ShippingAmount" Type="Edm.String" sap:creatable="true" sap:updatable="true" sap:deletable="true" sap:label="ShippingAmount"/>
                <Property Name="Incoterms" Type="Edm.String" sap:creatable="true" sap:updatable="true" sap:deletable="true" sap:label="Incoterms"/>
                <Property Name="ShippingInstructions" Type="Edm.String" sap:creatable="true" sap:updatable="true" sap:deletable="true" sap:label="ShippingInstructions"/>
                <Property Name="NotestoReceiver" Type="Edm.String" sap:creatable="true" sap:updatable="true" sap:deletable="true" sap:label="NotestoReceiver"/>
            </EntityType>
            <EntityType Name="Channel">
                <Key>
                    <PropertyRef Name="ID"/>
                </Key>
                <Property Name="ID" Type="Edm.String" sap:creatable="true" sap:updatable="true" sap:deletable="true" sap:label="ID"/>
                <Property Name="Name" Type="Edm.String" sap:creatable="true" sap:updatable="true" sap:deletable="true" sap:label="Name"/>
                <NavigationProperty Name="RelationName" Relationship="b3a408c2e8e625ad1751a4b1.ChannelRelationNameSalesOrder" FromRole="FromRole_ChannelRelationNameSalesOrder" ToRole="ToRole_ChannelRelationNameSalesOrder"/>
            </EntityType>
            <Association Name="ChannelRelationNameSalesOrder">
                <End Type="b3a408c2e8e625ad1751a4b1.Channel" Multiplicity="1" Role="FromRole_ChannelRelationNameSalesOrder"/>
                <End Type="b3a408c2e8e625ad1751a4b1.SalesOrder" Multiplicity="*" Role="ToRole_ChannelRelationNameSalesOrder"/>
                <ReferentialConstraint>
                    <Principal Role="FromRole_ChannelRelationNameSalesOrder">
                        <PropertyRef Name="ID"/>
                    </Principal>
                    <Dependent Role="ToRole_ChannelRelationNameSalesOrder">
                        <PropertyRef Name="___FK_aa90c5af7f24d7691751b7b7_00004"/>
                    </Dependent>
                </ReferentialConstraint>
            </Association>
        </Schema>
    </edmx:DataServices>
</edmx:Edmx>
