[{"ID":"BL7690-IR","ProductName":"Combo Faja Hombre Hot Mode Deportiva Neopreno Lipotex Sudas","AvailableQuantity":"(20)","ItemWeight":"7.5 Oz","ItemGroup":"Fajas","Origin":"Made in Colombia","Ingredients":"Soy and Rose","Price":70900,"Currency":"COP"},{"ID":"LB3490-SW","ProductName":"Faja Corset Reloj De Arena","AvailableQuantity":"(20)","ItemWeight":"8 Oz","ItemGroup":"Fajas","Origin":"Made in Colombia","Ingredients":"Anise, almond oil and patchouli","Price":84900,"Currency":"COP"},{"ID":"HC3892-TL","ProductName":"Combo Camisilla Senos Libre + Ci ","AvailableQuantity":"(20)","ItemWeight":"8 Oz","ItemGroup":"Fajas","Origin":"Made in Colombia","Ingredients":"Shea butter, soy, anise, ","Price":70900,"Currency":"COP"},{"ID":"BL5837-CP","ProductName":"Chaleco Reductor Cintura Faja Quema Abdomen Dama","AvailableQuantity":"(50)","ItemWeight":"8.5 Oz","ItemGroup":"Fajas","Origin":"Made in Colombia","Ingredients":"Green tea, rose, Shea butter, soy, anise, almond oil and patchouli","Price":49900,"Currency":"COP"},{"ID":"BM3456-FC","ProductName":"Faja Cinturilla Termica Reductora Para Hombre Hot Mode","AvailableQuantity":"(20)","ItemWeight":"10 Oz","ItemGroup":"Fajas","Origin":"Made in Colombia","Ingredients":"Marseilla Saop, anise","Price":23900,"Currency":"COP"},{"ID":"DL3957-PF","ProductName":"Faja Termica Chaleco Senos Libres Neotex 3 Posiciones Broche","AvailableQuantity":"(10)","ItemWeight":"5 Oz","ItemGroup":"Fajas","Origin":"Made in Colombia","Ingredients":"Aqua, Ethylhexyl, Isododecane, Hydrogenated Polydecene and Octyl Salicylate","Price":55900,"Currency":"COP"},{"ID":"DC3444-AS","ProductName":"Billetera Tarjetero De Lujo En Fibra De Carbono","AvailableQuantity":"(20)","ItemWeight":"4.5 Oz","ItemGroup":"Carteras","Origin":"Made in Colombia","Ingredients":"Aloe barbadensis , Isononyl Isononanoate  and Glycerin","Price":66900,"Currency":"COP"},{"ID":"ML3778-AS","ProductName":"Cadena Cubica Plata 925 Italy 50cm X 1mm","AvailableQuantity":"(10)","ItemWeight":"6 Oz","ItemGroup":"Joyeria","Origin":"Made in Colombia","Ingredients":"Aloe barbadensis , Glycerin, Octyl Methoxycinnamate and Octocrylene","Price":50000,"Currency":"COP"},{"ID":"NC4589-AS","ProductName":"Billetera Gucci Hombre Gc200-25","AvailableQuantity":"(20)","ItemWeight":"7 Oz","ItemGroup":"Joyeria","Origin":"Made in Colombia","Ingredients":"Aloe barbadensis, Glycerin, Pentylene Glycol, Caprylic/Capric Triglyceride and Butylene Glycol","Price":89900,"Currency":"COP"},{"ID":"BL3211-CM","ProductName":"Kit Activación Rueda Abdominal + Lazo Guaya","AvailableQuantity":"(10)","ItemWeight":"8.8 Oz","ItemGroup":"Elementos Deportivos","Origin":"Made in Colombia","Ingredients":"Aqua, Ethylhexyl Palmitate, Glycerin and Cyclomethicone","Price":35900,"Currency":"COP"},{"ID":"PN4812-HF","ProductName":"5 Metros Tela Neopreno, Neopreno Textil, Fajas Termicas.","AvailableQuantity":"(20)","ItemWeight":"5 Oz","ItemGroup":"Materiales","Origin":"Made in Colombia","Ingredients":"Aqua, Glycerin, Cannabis sativa and  Isononyl Isononanoate","Price":220000,"Currency":"COP"},{"ID":"DC1111-PF","ProductName":"Linterna Bicicleta 100 Lumens Recargable Cuerpo En Aluminio","AvailableQuantity":"(50)","ItemWeight":"11 Oz","ItemGroup":"Elementos Deportivos","Origin":"Made in Colombia","Ingredients":"Aqua, Hydrogenated Polyisobutene, Glycerin, Propylene Glycol and Aluminum Starch","Price":25900,"Currency":"COP"},{"ID":"NC6788-PF","ProductName":"Cinturilla Termica Reductora Abdominal Hot Mode Neotex","AvailableQuantity":"(20)","ItemWeight":"12 Oz","ItemGroup":"Fajas","Origin":"Made in Colombia","Ingredients":"Aqua, Dimethicone , Prunus Armeniaca Kernel Oil and Glycerin","Price":23900,"Currency":"COP"},{"ID":"NC4587-NS","ProductName":"Encaje Siliconado Doble Hilera 6cm X 20 Metros Negro Fajas","AvailableQuantity":"(100)","ItemWeight":"10 Oz","ItemGroup":"Materiales","Origin":"Made in Colombia","Ingredients":"Aqua, Glycerin, Dicaprylyl Carbonate and Cocos Nucifera Oil","Price":96900,"Currency":"COP"}]