[{"ID":"80827856","Name":"Sales Order ","CustomerName":"P0 343981","POCategory":"Hot Mode","GrossAmount":356400,"CurrencyCode":"COP","Tax":0.19,"DeliveryStatusDescription":"Shipped","LifecycleStatusDescription":"Complete","NOLineItems":6,"NOOpenItems":0,"CreatedAt":"2013-11-29","RequestedDate":"2013-12-11","___FK_0e6d9d20b26172910ae03cdb":"1","NamePlusID":"","SalesOrderID":"","NOShippedItems":6,"NoOpenItems2":7240.33,"NoShippedItems2":4508.81,"DeliveryStatusType":"Success","NOInProcessItems":"","___FK_aa90c5af7f24d7691751b7b7_00004":"1"},{"ID":"80826788","Name":"Sales Order ","CustomerName":"P0 343981","POCategory":"Hot Mode","GrossAmount":206800,"CurrencyCode":"COP","Tax":0.19,"DeliveryStatusDescription":"Shipped","LifecycleStatusDescription":"Complete","NOLineItems":3,"NOOpenItems":0,"CreatedAt":"2013-12-01","RequestedDate":"2013-12-03","___FK_0e6d9d20b26172910ae03cdb":"2","NamePlusID":"","SalesOrderID":"","NOShippedItems":3,"NoOpenItems2":919.16,"NoShippedItems2":6240.74,"DeliveryStatusType":"Success","NOInProcessItems":"","___FK_aa90c5af7f24d7691751b7b7_00004":"1"},{"ID":"80826691","Name":"Sales Order ","CustomerName":"P0 343982","POCategory":"Hot Mode","GrossAmount":255900,"CurrencyCode":"COP","Tax":0.19,"DeliveryStatusDescription":"Shipped","LifecycleStatusDescription":"Complete","NOLineItems":2,"NOOpenItems":0,"CreatedAt":"2013-12-30","RequestedDate":"2014-01-05","___FK_0e6d9d20b26172910ae03cdb":"3","NamePlusID":"","SalesOrderID":"","NOShippedItems":2,"NoOpenItems2":4357.14,"NoShippedItems2":437.49,"DeliveryStatusType":"Success","NOInProcessItems":"","___FK_aa90c5af7f24d7691751b7b7_00004":"1"},{"ID":"80826692","Name":"Sales Order ","CustomerName":"P0 343982","POCategory":"Hot Mode","GrossAmount":290900,"CurrencyCode":"COP","Tax":0.19,"DeliveryStatusDescription":"Shipped","LifecycleStatusDescription":"Complete","NOLineItems":2,"NOOpenItems":0,"CreatedAt":"2014-05-09","RequestedDate":"2014-05-16","___FK_0e6d9d20b26172910ae03cdb":"4","NamePlusID":"","SalesOrderID":"","NOShippedItems":2,"NoOpenItems2":1185.31,"NoShippedItems2":5221.55,"DeliveryStatusType":"Success","NOInProcessItems":"","___FK_aa90c5af7f24d7691751b7b7_00004":"1"},{"ID":"80826693","Name":"Sales Order ","CustomerName":"P0 343982","POCategory":"Hot Mode","GrossAmount":290900,"CurrencyCode":"COP","Tax":0.19,"DeliveryStatusDescription":"Shipped","LifecycleStatusDescription":"Complete","NOLineItems":2,"NOOpenItems":0,"CreatedAt":"2014-07-19","RequestedDate":"2014-07-27","___FK_0e6d9d20b26172910ae03cdb":"5","NamePlusID":"","SalesOrderID":"","NOShippedItems":2,"NoOpenItems2":9032.74,"NoShippedItems2":8361.17,"DeliveryStatusType":"Success","NOInProcessItems":"","___FK_aa90c5af7f24d7691751b7b7_00004":"1"}]