[{"ID":"D1","Quantity":1,"QuantityUnit":"Pack","RequestedDelivery":"2013-11-21","EstimatedDelivery":"2013-11-22","GrossAmount":70900,"Currency":"COP","___FK_e5ec6d25f58706080ae03cdb":"80827856","___FK_41df27d78bc37fc30ae03cdb":"BL7690-IR","LineItemNO":"10","ProductID":"","ShippedQuantity":1,"StatusSummary":"Shipped","RequestPlusUnit":"","PricePerUnit":"","___FK_51c46ebd7590ee4a0ae16730":"1","ShippedDate":"2013-11-25","StatusSummaryType":""},{"ID":"D2","Quantity":1,"QuantityUnit":"Pack","RequestedDelivery":"2013-11-21","EstimatedDelivery":"2013-11-24","GrossAmount":84900,"Currency":"COP","___FK_e5ec6d25f58706080ae03cdb":"80827856","___FK_41df27d78bc37fc30ae03cdb":"LB3490-SW","LineItemNO":"20","ProductID":"","ShippedQuantity":1,"StatusSummary":"Open","RequestPlusUnit":"","PricePerUnit":"","___FK_51c46ebd7590ee4a0ae16730":"1","ShippedDate":"2013-11-25","StatusSummaryType":""},{"ID":"D3","Quantity":2,"QuantityUnit":"Pack","RequestedDelivery":"2013-11-22","EstimatedDelivery":"2013-11-22","GrossAmount":70900,"Currency":"COP","___FK_e5ec6d25f58706080ae03cdb":"80827856","___FK_41df27d78bc37fc30ae03cdb":"HC3892-TL","LineItemNO":"30","ProductID":"","ShippedQuantity":2,"StatusSummary":"Shipped","RequestPlusUnit":"","PricePerUnit":"","___FK_51c46ebd7590ee4a0ae16730":"1","ShippedDate":"2013-11-25","StatusSummaryType":""},{"ID":"D4","Quantity":4,"QuantityUnit":"Pack","RequestedDelivery":"2013-11-22","EstimatedDelivery":"2013-11-24","GrossAmount":49900,"Currency":"COP","___FK_e5ec6d25f58706080ae03cdb":"80827856","___FK_41df27d78bc37fc30ae03cdb":"BL5837-CP","LineItemNO":"40","ProductID":"","ShippedQuantity":4,"StatusSummary":"Open","RequestPlusUnit":"","PricePerUnit":"","___FK_51c46ebd7590ee4a0ae16730":"1","ShippedDate":"2013-11-25","StatusSummaryType":""},{"ID":"D5","Quantity":5,"QuantityUnit":"Pack","RequestedDelivery":"2013-11-22","EstimatedDelivery":"2013-11-25","GrossAmount":23900,"Currency":"COP","___FK_e5ec6d25f58706080ae03cdb":"80827856","___FK_41df27d78bc37fc30ae03cdb":"BM3456-FC","LineItemNO":"50","ProductID":"","ShippedQuantity":5,"StatusSummary":"Shipped","RequestPlusUnit":"","PricePerUnit":"","___FK_51c46ebd7590ee4a0ae16730":"1","ShippedDate":"2013-11-25","StatusSummaryType":""},{"ID":"D6","Quantity":4,"QuantityUnit":"Pack","RequestedDelivery":"2013-11-22","EstimatedDelivery":"2013-11-22","GrossAmount":55900,"Currency":"COP","___FK_e5ec6d25f58706080ae03cdb":"80827856","___FK_41df27d78bc37fc30ae03cdb":"DL3957-PF","LineItemNO":"60","ProductID":"","ShippedQuantity":4,"StatusSummary":"Shipped","RequestPlusUnit":"","PricePerUnit":"","___FK_51c46ebd7590ee4a0ae16730":"1","ShippedDate":"2013-11-25","StatusSummaryType":""},{"ID":"D7","Quantity":4,"QuantityUnit":"PC","RequestedDelivery":"2013-11-23","EstimatedDelivery":"2013-11-23","GrossAmount":66900,"Currency":"COP","___FK_e5ec6d25f58706080ae03cdb":"80826788","___FK_41df27d78bc37fc30ae03cdb":"DC3444-AS","LineItemNO":"10","ProductID":"","ShippedQuantity":4,"StatusSummary":"Shipped","RequestPlusUnit":"","PricePerUnit":"","___FK_51c46ebd7590ee4a0ae16730":"2","ShippedDate":"2013-11-24","StatusSummaryType":""},{"ID":"D8","Quantity":5,"QuantityUnit":"PC","RequestedDelivery":"2013-11-23","EstimatedDelivery":"2013-11-24","GrossAmount":50000,"Currency":"COP","___FK_e5ec6d25f58706080ae03cdb":"80826788","___FK_41df27d78bc37fc30ae03cdb":"ML3778-AS","LineItemNO":"20","ProductID":"","ShippedQuantity":5,"StatusSummary":"Shipped","RequestPlusUnit":"","PricePerUnit":"","___FK_51c46ebd7590ee4a0ae16730":"2","ShippedDate":"2013-11-24","StatusSummaryType":""},{"ID":"D9","Quantity":4,"QuantityUnit":"PC","RequestedDelivery":"2013-11-23","EstimatedDelivery":"2013-11-24","GrossAmount":89900,"Currency":"COP","___FK_e5ec6d25f58706080ae03cdb":"80826788","___FK_41df27d78bc37fc30ae03cdb":"NC4589-AS","LineItemNO":"30","ProductID":"","ShippedQuantity":4,"StatusSummary":"Shipped","RequestPlusUnit":"","PricePerUnit":"","___FK_51c46ebd7590ee4a0ae16730":"2","ShippedDate":"2013-11-24","StatusSummaryType":""},{"ID":"D10","Quantity":4,"QuantityUnit":"PC","RequestedDelivery":"2014-05-16","EstimatedDelivery":"2014-05-16","GrossAmount":35900,"Currency":"COP","___FK_e5ec6d25f58706080ae03cdb":"80826691","___FK_41df27d78bc37fc30ae03cdb":"BL3211-CM","LineItemNO":"10","ProductID":"","ShippedQuantity":4,"StatusSummary":"Open","RequestPlusUnit":"","PricePerUnit":"","___FK_51c46ebd7590ee4a0ae16730":"3","ShippedDate":"2014-01-04","StatusSummaryType":""},{"ID":"D11","Quantity":5,"QuantityUnit":"PC","RequestedDelivery":"2014-05-16","EstimatedDelivery":"2014-05-16","GrossAmount":220000,"Currency":"COP","___FK_e5ec6d25f58706080ae03cdb":"80826691","___FK_41df27d78bc37fc30ae03cdb":"PN4812-HF","LineItemNO":"20","ProductID":"","ShippedQuantity":5,"StatusSummary":"Open","RequestPlusUnit":"","PricePerUnit":"","___FK_51c46ebd7590ee4a0ae16730":"3","ShippedDate":"2014-01-04","StatusSummaryType":""},{"ID":"D12","Quantity":4,"QuantityUnit":"PC","RequestedDelivery":"2014-05-20","EstimatedDelivery":"2014-05-25","GrossAmount":70900,"Currency":"COP","___FK_e5ec6d25f58706080ae03cdb":"80826692","___FK_41df27d78bc37fc30ae03cdb":"BL3211-CM","LineItemNO":"10","ProductID":"","ShippedQuantity":4,"StatusSummary":"Open","RequestPlusUnit":"","PricePerUnit":"","___FK_51c46ebd7590ee4a0ae16730":"4","ShippedDate":"2014-05-13","StatusSummaryType":""},{"ID":"D13","Quantity":4,"QuantityUnit":"PC","RequestedDelivery":"2014-05-20","EstimatedDelivery":"2014-05-25","GrossAmount":220000,"Currency":"COP","___FK_e5ec6d25f58706080ae03cdb":"80826692","___FK_41df27d78bc37fc30ae03cdb":"PN4812-HF","LineItemNO":"20","ProductID":"","ShippedQuantity":4,"StatusSummary":"In Progress","RequestPlusUnit":"","PricePerUnit":"","___FK_51c46ebd7590ee4a0ae16730":"4","ShippedDate":"2014-05-14","StatusSummaryType":""},{"ID":"D14","Quantity":5,"QuantityUnit":"PC","RequestedDelivery":"2014-06-01","EstimatedDelivery":"2014-06-03","GrossAmount":70900,"Currency":"COP","___FK_e5ec6d25f58706080ae03cdb":"80826693","___FK_41df27d78bc37fc30ae03cdb":"BL3211-CM","LineItemNO":"10","ProductID":"","ShippedQuantity":5,"StatusSummary":"In Progress","RequestPlusUnit":"","PricePerUnit":"","___FK_51c46ebd7590ee4a0ae16730":"5","ShippedDate":"2014-07-27","StatusSummaryType":""},{"ID":"D15","Quantity":4,"QuantityUnit":"PC","RequestedDelivery":"2014-06-01","EstimatedDelivery":"2014-06-03","GrossAmount":220000,"Currency":"COP","___FK_e5ec6d25f58706080ae03cdb":"80826693","___FK_41df27d78bc37fc30ae03cdb":"PN4812-HF","LineItemNO":"20","ProductID":"","ShippedQuantity":4,"StatusSummary":"In Progress","RequestPlusUnit":"","PricePerUnit":"","___FK_51c46ebd7590ee4a0ae16730":"5","ShippedDate":"2014-07-27","StatusSummaryType":""}]