[{"ID":"1","CustomerName":"Mercy Vallejo","ShippingAddress":"Cra 59 #22n- 31 Torre 4","ShippingCountry":"Colombia","PhoneNumber":"3153408610","RequestedDelivery":"/Date(1651190400000)/","SingleShipment":"No","Carrier":"Interrapidisimo","ShippingAmount":"0,00 COP","Incoterms":"CPT sss","ShippingInstructions":"None","NotestoReceiver":"None"},{"ID":"2","CustomerName":"Jorge Hernan Caceres","ShippingAddress":"Cra 7 #72","ShippingCountry":"Colombia","PhoneNumber":"3153408611","RequestedDelivery":"/Date(1651276800000)/","SingleShipment":"No","Carrier":"Interrapidisimo","ShippingAmount":"0,00 COP","Incoterms":"CPT sss","ShippingInstructions":"None","NotestoReceiver":"None"},{"ID":"3","CustomerName":"Juan Sebastian Pinilla","ShippingAddress":"Cra 57 #138-66","ShippingCountry":"Colombia","PhoneNumber":"3153408612","RequestedDelivery":"/Date(1651363200000)/","SingleShipment":"No","Carrier":"Interrapidisimo","ShippingAmount":"0,00 COP","Incoterms":"CPT sss","ShippingInstructions":"Cuidado","NotestoReceiver":"None"},{"ID":"4","CustomerName":"Juan Sebastian Pinilla","ShippingAddress":"Cra 57 #138-66","ShippingCountry":"Colombia","PhoneNumber":"3153408613","RequestedDelivery":"/Date(1651449600000)/","SingleShipment":"No","Carrier":"Contra Entrega","ShippingAmount":"0,00 COP","Incoterms":"CPT sss","ShippingInstructions":"Cuidado","NotestoReceiver":"None"},{"ID":"5","CustomerName":"Juan Sebastian Pinilla","ShippingAddress":"Cra 57 #138-66","ShippingCountry":"Colombia","PhoneNumber":"3153408614","RequestedDelivery":"/Date(1651536000000)/","SingleShipment":"No","Carrier":"Contra Entrega","ShippingAmount":"0,00 COP","Incoterms":"CPT sss","ShippingInstructions":"Cuidado","NotestoReceiver":"None"}]